iter,reward,reward_avg,advantage,loss,ratio,error_tokens,time
0,-1.0499999523162842,-0.10499999672174454,-0.9449999332427979,0.9449999332427979,1.0,4,8.069749593734741
1,-1.0499999523162842,-0.19949999451637268,-0.8504999876022339,0.849726140499115,0.9990901350975037,4,2.678123712539673
2,-1.0499999523162842,-0.2845499813556671,-0.7654500007629395,0.7613351941108704,0.9946243166923523,4,2.6343448162078857
3,-1.0499999523162842,-0.36109495162963867,-0.6889050006866455,0.6108595132827759,0.8867108225822449,4,2.442915916442871
4,-1.0499999523162842,-0.4299854338169098,-0.6200145483016968,0.584450900554657,0.9426406621932983,4,2.4403798580169678
5,-1.0499999523162842,-0.49198687076568604,-0.5580130815505981,0.49405500292778015,0.8853824734687805,4,2.4327950477600098
6,-1.0499999523162842,-0.5477882027626038,-0.5022117495536804,0.40176939964294434,0.585149347782135,4,2.4675862789154053
7,-0.44999998807907104,-0.5380093455314636,0.08800935745239258,-0.08576663583517075,0.9745172262191772,4,2.5570690631866455
8,-1.899999976158142,-0.674208402633667,-1.225791573524475,0.9806332588195801,0.7813577055931091,4,4.2362165451049805
9,-1.0499999523162842,-0.7117875814437866,-0.33821237087249756,0.4142422378063202,1.2247991561889648,4,7.601048707962036
10,-1.0499999523162842,-0.7456088066101074,-0.30439114570617676,0.24351291358470917,0.6305880546569824,4,5.650936126708984
11,-1.0499999523162842,-0.776047945022583,-0.27395200729370117,0.2753120958805084,1.0049647092819214,4,5.268095254898071
12,-1.0499999523162842,-0.8034431338310242,-0.24655681848526,0.23108410835266113,0.9372448325157166,4,4.342614650726318
13,0.800000011920929,-0.6430988311767578,1.443098783493042,-1.5282230377197266,1.0589871406555176,2,4.353179216384888
14,-1.0499999523162842,-0.6837889552116394,-0.3662109971046448,0.2996161878108978,0.8181517720222473,4,4.342615365982056
15,-1.0499999523162842,-0.7204100489616394,-0.3295899033546448,0.3843308389186859,1.1660879850387573,4,4.353799819946289
16,-1.0499999523162842,-0.7533690333366394,-0.2966309189796448,0.23730473220348358,0.7304151654243469,4,4.410971403121948
17,-1.0499999523162842,-0.7830321192741394,-0.2669678330421448,0.21357427537441254,0.6074615120887756,4,4.4984447956085205
18,-1.0499999523162842,-0.8097289204597473,-0.24027103185653687,0.20930232107639313,0.8711092472076416,4,4.386381387710571
19,-0.8500000238418579,-0.813755989074707,-0.03624403476715088,0.033728137612342834,0.9305845499038696,4,4.338452339172363
20,-1.0499999523162842,-0.8373804092407227,-0.21261954307556152,0.17009563744068146,0.6569252014160156,4,4.892507791519165
21,-1.125,-0.8661423325538635,-0.2588576674461365,0.2576253116130829,0.9952391982078552,4,5.966071128845215
22,-1.125,-0.8920280933380127,-0.2329719066619873,0.21343521773815155,0.9161414504051208,4,4.3688249588012695
23,-0.5249999761581421,-0.8553252816200256,0.33032530546188354,-0.35063087940216064,1.0614714622497559,4,4.419063329696655
24,-1.125,-0.8822927474975586,-0.2427072525024414,0.21135272085666656,0.8708133697509766,4,4.442423582077026
25,-1.0499999523162842,-0.8990634679794312,-0.15093648433685303,0.14381761848926544,0.9528353810310364,4,4.314836263656616
26,0.800000011920929,-0.7291570901870728,1.5291571617126465,-1.5966057777404785,1.0441083908081055,2,4.333275318145752
27,-0.10000000149011612,-0.6662413477897644,0.5662413239479065,-0.5603135824203491,0.989531397819519,3,4.369279384613037
28,-1.0499999523162842,-0.7046172022819519,-0.3453827500343323,0.2763062119483948,0.5929020643234253,4,4.411460876464844
29,-0.02500000037252903,-0.6366554498672485,0.6116554737091064,-0.5932224988937378,0.9698638319969177,3,4.451200246810913
30,-0.800000011920929,-0.6529898643493652,-0.14701014757156372,0.14150898158550262,0.9625797271728516,4,4.920776844024658
31,1.350000023841858,-0.45269089937210083,1.8026909828186035,-1.8098829984664917,1.003989577293396,1,4.363245964050293
32,-1.0499999523162842,-0.5124217867851257,-0.5375781655311584,0.5271588563919067,0.9806180596351624,4,4.369779825210571
33,-1.125,-0.5736795663833618,-0.5513204336166382,0.5138733983039856,0.9320775866508484,4,4.348991870880127
34,-1.0499999523162842,-0.621311604976654,-0.4286883473396301,0.3429506719112396,0.7464069724082947,4,4.398531436920166
35,-1.0499999523162842,-0.6641804575920105,-0.3858194947242737,0.355683833360672,0.9218918085098267,4,4.325735807418823
36,-1.0499999523162842,-0.7027624249458313,-0.3472375273704529,0.27779003977775574,0.6756969094276428,4,3.6161575317382812
37,-0.8500000238418579,-0.7174861431121826,-0.1325138807296753,0.10601110756397247,0.6735968589782715,4,3.0064103603363037
38,-0.6499999761581421,-0.7107375264167786,0.060737550258636475,-0.057222217321395874,0.9421225786209106,4,3.7266931533813477
39,-1.125,-0.7521637678146362,-0.37283623218536377,0.40620866417884827,1.0895096063613892,4,4.289603233337402
40,-1.0499999523162842,-0.7819473743438721,-0.2680525779724121,0.21444205939769745,0.5110701322555542,4,4.914764881134033
41,-0.800000011920929,-0.7837526202201843,-0.01624739170074463,0.016265561804175377,1.0011183023452759,4,4.408959627151489
42,-0.8500000238418579,-0.7903773188591003,-0.05962270498275757,0.058053892105817795,0.9736876487731934,4,4.452051877975464
43,-0.5249999761581421,-0.763839602470398,0.23883962631225586,-0.22013787925243378,0.9216974973678589,4,4.354413270950317
44,0.10000000149011612,-0.6774556040763855,0.7774556279182434,-0.7804542183876038,1.003856897354126,3,4.331635475158691
45,-1.0499999523162842,-0.7147100567817688,-0.3352898955345154,0.26823192834854126,0.6452533602714539,4,4.366823434829712
46,-0.925000011920929,-0.73573899269104,-0.18926101922988892,0.15703582763671875,0.8297314643859863,4,4.412907361984253
47,-1.125,-0.774665117263794,-0.35033488273620605,0.29200005531311035,0.8334883451461792,4,4.403270959854126
48,-0.7250000238418579,-0.7696985602378845,0.04469853639602661,-0.05363824591040611,1.2201091051101685,4,4.379776954650879
49,-1.125,-0.8052287101745605,-0.31977128982543945,0.3801708221435547,1.1888835430145264,4,4.355710983276367
50,-1.0499999523162842,-0.8297058343887329,-0.22029411792755127,0.17623530328273773,0.6165170669555664,4,5.182633399963379
51,-1.0499999523162842,-0.8517352342605591,-0.1982647180557251,0.19861236214637756,1.0017534494400024,4,5.757613897323608
52,-1.0499999523162842,-0.8715617060661316,-0.1784382462501526,0.1709539145231247,0.9580564498901367,4,3.432427406311035
53,0.800000011920929,-0.7044055461883545,1.5044054985046387,-1.369171380996704,0.9101079702377319,2,2.987961769104004
54,0.10000000149011612,-0.6239649653434753,0.7239649891853333,-0.7094573378562927,0.9799607992172241,3,2.606663227081299
55,-1.0499999523162842,-0.6665684580802917,-0.38343149423599243,0.3067452013492584,0.755121111869812,4,2.807061195373535
56,0.7250000238418579,-0.5274115800857544,1.2524116039276123,-1.3741438388824463,1.097198247909546,2,2.7949893474578857
57,-1.0499999523162842,-0.5796704292297363,-0.47032952308654785,0.3762636184692383,0.606144368648529,4,2.8435661792755127
58,1.100000023841858,-0.41170334815979004,1.511703372001648,-1.8140441179275513,1.2366288900375366,3,2.657897710800171
59,-1.125,-0.4830330014228821,-0.6419669985771179,0.5135735869407654,0.7847114205360413,4,4.871469974517822
60,2.049999952316284,-0.22972969710826874,2.2797296047210693,-2.483227252960205,1.089263916015625,0,4.861307621002197
61,-0.5249999761581421,-0.2592567205429077,-0.2657432556152344,0.25919029116630554,0.9753409624099731,4,5.577948808670044
62,0.7250000238418579,-0.1608310341835022,0.8858310580253601,-0.9314038157463074,1.0514463186264038,2,4.44466495513916
63,-0.7250000238418579,-0.21724793314933777,-0.5077520608901978,0.4629850387573242,0.9118329286575317,4,4.443390607833862
64,-1.0499999523162842,-0.30052313208580017,-0.7494767904281616,0.7056546807289124,0.9415297508239746,4,4.4468817710876465
65,-0.5249999761581421,-0.32297080755233765,-0.20202916860580444,0.3468494415283203,1.7168285846710205,4,4.5268635749816895
66,0.17499999701976776,-0.2731737196445465,0.4481737017631531,-0.4969027042388916,1.1087279319763184,3,4.174254894256592
67,-1.899999976158142,-0.43585634231567383,-1.4641436338424683,1.1734648942947388,0.8014684319496155,4,2.8066062927246094
68,-1.0499999523162842,-0.4972706735134125,-0.5527292490005493,0.44218340516090393,0.5839014649391174,4,2.5777580738067627
69,-0.6499999761581421,-0.5125435590744019,-0.13745641708374023,0.10996513813734055,0.7601550221443176,4,2.5692198276519775
70,-0.10000000149011612,-0.47128918766975403,0.3712891936302185,-0.23537887632846832,0.6339502334594727,3,2.963711977005005
71,0.17499999701976776,-0.406660258769989,0.581660270690918,-0.5758867859840393,0.9900741577148438,3,2.562404155731201
72,0.800000011920929,-0.28599420189857483,1.0859942436218262,-1.2808189392089844,1.1793975830078125,2,2.6232500076293945
73,-1.125,-0.36989477276802063,-0.7551052570343018,0.7360364198684692,0.9747467637062073,4,2.558025360107422
74,1.350000023841858,-0.1979052871465683,1.5479053258895874,-1.8574864864349365,1.2195414304733276,1,2.5545613765716553
75,0.44999998807907104,-0.133114755153656,0.583114743232727,-0.6997377276420593,1.658367395401001,2,2.6114840507507324
76,-1.0499999523162842,-0.22480326890945435,-0.8251966834068298,0.9013605117797852,1.0922977924346924,4,3.1719110012054443
77,-1.0,-0.3023229241371155,-0.6976770758628845,0.7642021179199219,1.0953521728515625,4,3.207549810409546
78,1.350000023841858,-0.13709060847759247,1.4870905876159668,-1.7845088243484497,1.797446608543396,1,2.8888401985168457
79,-1.125,-0.23588155210018158,-0.8891184329986572,0.7328993678092957,0.8242989182472229,4,2.7284107208251953
80,1.4249999523162842,-0.06979338824748993,1.4947932958602905,-1.7937520742416382,2.7120156288146973,1,4.8660125732421875
81,-1.2000000476837158,-0.18281406164169312,-1.017185926437378,0.9812257885932922,0.9646474123001099,4,4.8499755859375
82,0.5249999761581421,-0.11203265190124512,0.6370326280593872,-0.5932499170303345,0.9312708377838135,2,4.362692356109619
83,0.7250000238418579,-0.028329379856586456,0.7533293962478638,-0.7140427231788635,0.9478492736816406,2,4.522083044052124
84,-1.899999976158142,-0.21549643576145172,-1.6845035552978516,1.3476028442382812,0.5609726905822754,4,4.460742950439453
85,-1.0499999523162842,-0.2989467978477478,-0.7510531544685364,0.6008425354957581,0.6990665197372437,4,4.428307294845581
86,0.800000011920929,-0.18905210494995117,0.9890521168708801,-0.9714625477790833,0.9822157025337219,2,4.5568695068359375
87,-1.0499999523162842,-0.27514687180519104,-0.7748531103134155,0.6198825240135193,0.6461746096611023,4,4.345898389816284
88,-1.125,-0.3601321876049042,-0.7648677825927734,0.6211668848991394,0.8121232390403748,4,4.404999732971191
89,-0.7250000238418579,-0.39661896228790283,-0.3283810615539551,0.26929762959480286,0.820076584815979,4,4.427822589874268
90,-1.125,-0.46945706009864807,-0.6555429697036743,0.5244343876838684,0.4811372756958008,4,4.955479383468628
91,-1.899999976158142,-0.6125113368034363,-1.2874886989593506,1.2250157594680786,0.9514769315719604,4,2.689373731613159
92,-0.5249999761581421,-0.6037601828575134,0.07876020669937134,-0.0676274225115776,0.8586496710777283,4,2.788379430770874
93,-1.0499999523162842,-0.648384153842926,-0.40161579847335815,0.3212926387786865,0.721276581287384,4,2.7417941093444824
94,0.5249999761581421,-0.5310457348823547,1.0560457706451416,-0.9437434077262878,0.8936576843261719,2,2.6196577548980713
95,0.5249999761581421,-0.4254411458969116,0.9504411220550537,-0.9491784572601318,0.9986714720726013,2,2.5766472816467285
96,-1.125,-0.49539703130722046,-0.6296029686927795,0.5036823749542236,0.48647135496139526,4,2.610275983810425
97,0.7250000238418579,-0.37335729598999023,1.0983573198318481,-1.3180288076400757,1.5928033590316772,2,2.6340556144714355
98,0.5,-0.28602156043052673,0.7860215902328491,-0.7801026105880737,0.9924696683883667,3,2.590926170349121
99,0.5249999761581421,-0.20491941273212433,0.7299193739891052,-0.875903308391571,1.8585785627365112,2,2.5202159881591797
100,-0.44999998807907104,-0.22942747175693512,-0.22057251632213593,0.2806832194328308,1.2725212574005127,4,2.909585475921631
101,-0.44999998807907104,-0.2514847218990326,-0.19851526618003845,0.2018309235572815,1.0167022943496704,4,2.723727226257324
102,-0.5249999761581421,-0.2788362503051758,-0.2461637258529663,0.34172409772872925,1.3881983757019043,4,3.7701308727264404
103,0.10000000149011612,-0.24095262587070465,0.34095263481140137,-0.3197011649608612,0.9376703500747681,3,2.9518356323242188
104,-0.5249999761581421,-0.2693573534488678,-0.2556426227092743,0.3693885803222656,1.4449412822723389,4,3.0677547454833984
105,1.350000023841858,-0.10742160677909851,1.4574216604232788,-1.5369062423706055,1.0545377731323242,1,3.3199920654296875
106,-0.5249999761581421,-0.14917944371700287,-0.375820517539978,0.5279591083526611,1.4048172235488892,4,2.8307809829711914
107,-1.125,-0.2467615008354187,-0.8782384991645813,1.2815982103347778,1.459282636642456,4,2.6468756198883057
108,0.17499999701976776,-0.20458534359931946,0.379585325717926,-0.4555024206638336,1.5030543804168701,3,2.7572619915008545
109,1.975000023841858,0.013373196125030518,1.9616267681121826,-2.144408702850342,1.0931787490844727,0,2.6279027462005615
110,0.7250000238418579,0.0845358818769455,0.6404641270637512,-0.7685570120811462,1.2125455141067505,2,2.9532346725463867
111,1.350000023841858,0.21108229458332062,1.1389176845550537,-1.1178758144378662,0.981524646282196,1,2.554872751235962
112,-0.7250000238418579,0.11747404932975769,-0.842474102973938,0.8404430150985718,0.9975891709327698,4,2.5388376712799072
113,-1.0499999523162842,0.000726647675037384,-1.0507266521453857,0.9071332812309265,0.8633390069007874,4,2.5659852027893066
114,0.7250000238418579,0.07315398752689362,0.6518460512161255,-0.7822152972221375,1.536278247833252,2,2.877372980117798
115,1.4249999523162842,0.20833858847618103,1.2166613340377808,-1.2074118852615356,0.9923977255821228,1,2.537686347961426
116,-1.0499999523162842,0.08250472694635391,-1.1325047016143799,0.9060037732124329,0.6398327350616455,4,2.577312469482422
117,0.800000011920929,0.1542542576789856,0.6457457542419434,-0.6684427261352539,1.0351485013961792,2,2.535144329071045
118,-1.0499999523162842,0.03382883220911026,-1.0838288068771362,0.867063045501709,0.5273078083992004,4,2.529731035232544
119,-0.5249999761581421,-0.022054050117731094,-0.5029458999633789,1.4554152488708496,2.8937809467315674,4,2.5262563228607178
120,-1.125,-0.1323486566543579,-0.9926513433456421,0.7941210865974426,0.5056659579277039,4,2.895340919494629
121,-1.0499999523162842,-0.22411379218101501,-0.8258861303329468,0.8135768175125122,0.9850956201553345,4,2.569972038269043
122,0.7250000238418579,-0.12920239567756653,0.854202389717102,-0.848687469959259,0.993543803691864,2,2.5218820571899414
123,0.7250000238418579,-0.04378214478492737,0.7687821388244629,-0.8146902918815613,1.0597153902053833,2,2.520279884338379
124,0.10000000149011612,-0.0294039286673069,0.12940393388271332,-0.12732969224452972,0.9839708209037781,3,2.53981876373291
125,1.975000023841858,0.1710364669561386,1.803963541984558,-1.973764419555664,1.094126582145691,0,2.516003370285034
126,1.4249999523162842,0.2964327931404114,1.1285672187805176,-1.354280710220337,1.584651231765747,1,2.5576395988464355
127,0.7250000238418579,0.33928948640823364,0.38571053743362427,-0.4628526568412781,3.2149977684020996,2,2.553096294403076
128,2.075000047683716,0.5128605365753174,1.5621395111083984,-1.8745675086975098,2.8709654808044434,1,2.5192155838012695
129,-0.800000011920929,0.38157445192337036,-1.1815744638442993,1.8179047107696533,1.5385442972183228,4,2.519585132598877
130,0.7250000238418579,0.41591697931289673,0.3090830445289612,-0.37089967727661133,2.6410884857177734,2,2.8755457401275635
131,-0.10000000149011612,0.36432528495788574,-0.46432527899742126,0.45888158679008484,0.9882761240005493,3,2.520833969116211
132,-0.25,0.3028927445411682,-0.5528927445411682,0.5021037459373474,0.9081394672393799,3,2.5267562866210938
133,2.9749999046325684,0.5701034069061279,2.4048964977264404,-1.6932989358901978,0.7041047215461731,0,2.5257644653320312
134,0.5249999761581421,0.5655930638313293,-0.040593087673187256,0.03607914596796036,0.8888002634048462,2,2.541396141052246
135,0.10000000149011612,0.5190337300300598,-0.4190337359905243,0.4463459849357605,1.0651791095733643,3,2.5204885005950928
136,-0.5249999761581421,0.41463032364845276,-0.9396302700042725,1.0355169773101807,1.102047324180603,4,2.5308518409729004
137,1.350000023841858,0.5081672668457031,0.8418327569961548,-0.7836300730705261,0.9308619499206543,1,2.548067569732666
138,0.7250000238418579,0.5298505425453186,0.1951494812965393,-0.23417939245700836,1.253038763999939,2,2.516237735748291
139,-0.44999998807907104,0.43186548352241516,-0.8818655014038086,0.9774942994117737,1.1084392070770264,4,2.519883394241333
140,0.10000000149011612,0.3986789286136627,-0.2986789345741272,0.41185933351516724,1.3789366483688354,3,2.9149715900421143
141,1.350000023841858,0.4938110113143921,0.8561890125274658,-0.8630992770195007,1.008070945739746,1,2.5329761505126953
142,1.350000023841858,0.5794299244880676,0.7705700993537903,-0.9246841669082642,1.4465454816818237,1,2.516960859298706
143,-0.44999998807907104,0.4764869511127472,-0.9264869689941406,1.3742917776107788,1.483336329460144,4,2.511789560317993
144,-1.899999976158142,0.23883825540542603,-2.138838291168213,1.9825552701950073,0.9269309043884277,4,2.5153329372406006
145,0.7250000238418579,0.28745442628860474,0.4375455975532532,-0.513642430305481,1.173917531967163,2,2.5119569301605225
146,-0.925000011920929,0.16620898246765137,-1.0912089347839355,2.0535271167755127,1.881882667541504,4,2.53475022315979
147,-0.17499999701976776,0.1320880800485611,-0.30708807706832886,0.49528688192367554,1.6128495931625366,3,2.5371344089508057
148,-0.925000011920929,0.026379264891147614,-0.9513792991638184,0.9291846752166748,0.9766710996627808,4,2.5061676502227783
149,2.9749999046325684,0.3212413191795349,2.6537585258483887,-3.1845104694366455,2.860668659210205,0,2.519357681274414
150,3.049999952316284,0.5941171646118164,2.4558827877044678,-2.947059392929077,2.0406761169433594,0,2.9692015647888184
151,2.9749999046325684,0.8322054147720337,2.142794609069824,-2.1780431270599365,1.0164498090744019,0,2.572563648223877
152,-1.0,0.6489848494529724,-1.6489849090576172,2.014416217803955,1.2216098308563232,4,2.501615285873413
153,2.9749999046325684,0.8815863132476807,2.0934135913848877,-2.512096405029297,1.2465626001358032,0,2.550151824951172
154,0.17499999701976776,0.8109276294708252,-0.6359276175498962,0.5973052978515625,0.9392661452293396,3,2.5340616703033447
155,-0.02500000037252903,0.7273348569869995,-0.7523348331451416,0.6018678545951843,0.49682509899139404,3,2.500302791595459
156,0.7250000238418579,0.7271013259887695,-0.002101302146911621,0.00168104178737849,0.7244620323181152,2,2.529054880142212
157,-0.5249999761581421,0.6018911600112915,-1.1268911361694336,1.8097890615463257,1.6060017347335815,4,2.5284578800201416
158,2.9749999046325684,0.8392020463943481,2.1357979774475098,-2.1411025524139404,1.002483606338501,0,2.6067981719970703
159,1.350000023841858,0.8902817964553833,0.4597182273864746,-0.5516619086265564,1.99571692943573,1,2.573038339614868
160,1.350000023841858,0.9362536072731018,0.4137464165687561,-0.4667937457561493,1.1282122135162354,1,2.9159629344940186
161,-0.02500000037252903,0.8401282429695129,-0.865128219127655,0.822245717048645,0.9504321813583374,3,2.5462498664855957
162,0.824999988079071,0.838615357875824,-0.01361536979675293,0.012800170108675957,0.9401264786720276,3,2.53164005279541
163,1.350000023841858,0.8897538185119629,0.460246205329895,-0.552295446395874,1.2343024015426636,1,2.556840181350708
164,0.10000000149011612,0.8107783794403076,-0.7107783555984497,1.0117932558059692,1.423500418663025,3,2.5165939331054688
165,0.10000000149011612,0.7397004961967468,-0.6397004723548889,0.511760413646698,0.7164262533187866,3,2.50992751121521
166,0.10000000149011612,0.6757304072380066,-0.5757303833961487,0.568036675453186,0.9866366386413574,3,2.6352782249450684
167,1.4500000476837158,0.753157377243042,0.6968426704406738,-0.09566188603639603,0.13727903366088867,2,3.0668790340423584
168,1.350000023841858,0.8128415942192078,0.5371584296226501,-0.6445901393890381,1.491391658782959,1,3.916435718536377
169,-1.0499999523162842,0.6265574097633362,-1.6765573024749756,1.485609531402588,0.8861072063446045,4,1.4822521209716797
170,-0.5249999761581421,0.5114016532897949,-1.036401629447937,1.0389572381973267,1.002465844154358,4,3.00331449508667
171,-0.44999998807907104,0.41526147723197937,-0.865261435508728,0.8758249282836914,1.0122084617614746,4,6.761835813522339
172,-1.0499999523162842,0.2687353193759918,-1.3187352418899536,1.0549882650375366,0.7950220704078674,4,2.5906195640563965
173,0.7250000238418579,0.3143617808818817,0.4106382429599762,-0.3982526659965515,0.9698382616043091,2,2.6507139205932617
174,-0.5249999761581421,0.2304256111383438,-0.7554255723953247,0.6043404936790466,0.3518306612968445,4,2.57441782951355
175,0.7250000238418579,0.2798830568790436,0.44511696696281433,-0.44501742720603943,0.9997763633728027,2,3.824094533920288
176,0.7250000238418579,0.32439476251602173,0.4006052613258362,-0.4023522734642029,1.0043609142303467,2,5.798866271972656
177,0.7250000238418579,0.36445528268814087,0.36054474115371704,-0.392443984746933,1.0884751081466675,2,4.751084089279175
178,2.9749999046325684,0.6255097389221191,2.349490165710449,-1.5758882761001587,0.6707362532615662,0,4.298543214797974
179,0.7250000238418579,0.635458767414093,0.08954125642776489,-0.09470408409833908,1.0576586723327637,2,4.353837728500366
180,-0.375,0.5344128608703613,-0.9094128608703613,0.727530300617218,0.7637053728103638,3,4.9547224044799805
181,0.10000000149011612,0.49097156524658203,-0.3909715712070465,0.3692469298839569,0.9444342255592346,3,4.873291730880737
182,-1.0499999523162842,0.336874395608902,-1.3868743181228638,1.6152591705322266,1.1646759510040283,4,4.379585027694702
183,1.975000023841858,0.5006869435310364,1.4743130207061768,-1.4788496494293213,1.0030771493911743,0,4.361632347106934
184,0.10000000149011612,0.4606182277202606,-0.3606182336807251,0.35878264904022217,0.9949098825454712,3,4.440652132034302
185,1.350000023841858,0.5495563745498657,0.8004436492919922,-0.9605324268341064,1.3595161437988281,1,4.385962247848511
186,1.350000023841858,0.6296007037162781,0.7203993201255798,-0.8644792437553406,1.5108104944229126,1,4.365823984146118
187,2.9749999046325684,0.8641406297683716,2.1108593940734863,-2.2070529460906982,1.0455708503723145,0,4.402369499206543
188,-0.925000011920929,0.685226559638977,-1.6102266311645508,2.594149589538574,1.611046314239502,4,4.2513673305511475
189,2.3499999046325684,0.8517038822174072,1.4982960224151611,-1.7979552745819092,2.1392288208007812,1,4.343919992446899
190,0.7250000238418579,0.8390334844589233,-0.11403346061706543,0.20365141332149506,1.7858917713165283,2,4.9271461963653564
191,2.3499999046325684,0.9901301264762878,1.3598697185516357,-1.3385436534881592,0.9843176007270813,1,4.360088109970093
192,0.7250000238418579,0.9636170864105225,-0.23861706256866455,0.23922044038772583,1.0025286674499512,2,4.428071975708008
193,2.9749999046325684,1.1647553443908691,1.8102445602416992,-2.1722936630249023,1.266752004623413,0,4.46384596824646
194,0.10000000149011612,1.0582797527313232,-0.9582797288894653,1.0064860582351685,1.0503051280975342,3,4.461201190948486
195,-0.5249999761581421,0.8999517560005188,-1.4249517917633057,1.6309832334518433,1.1445883512496948,4,4.481916904449463
196,2.9749999046325684,1.1074565649032593,1.867543339729309,-1.651628851890564,0.8843858242034912,0,4.471529245376587
197,2.1500000953674316,1.2117109298706055,0.9382891654968262,-0.7651971578598022,0.8155238032341003,1,4.457051038742065
198,0.10000000149011612,1.1005398035049438,-1.000539779663086,0.8164503574371338,0.8160098791122437,3,4.470998287200928
199,-1.125,0.8779857754707336,-2.002985715866089,1.6996800899505615,0.8485732674598694,4,4.434186697006226
200,-1.0,0.6901871562004089,-1.6901872158050537,1.3521498441696167,0.49393993616104126,4,5.134547710418701
201,-0.5249999761581421,0.5686684250831604,-1.0936684608459473,1.1428987979888916,1.0450139045715332,4,4.548621892929077
202,2.9749999046325684,0.809301495552063,2.165698528289795,-1.9740980863571167,0.9115294814109802,0,4.565657615661621
203,-0.5249999761581421,0.6758713126182556,-1.200871229171753,1.2232048511505127,1.0185978412628174,4,4.463401556015015
204,1.100000023841858,0.7182841897010803,0.3817158341407776,-0.45805901288986206,1.3048579692840576,3,4.406550645828247
205,0.7250000238418579,0.7189557552337646,0.006044268608093262,-0.006666691042482853,1.1029772758483887,2,4.400572776794434
206,0.44999998807907104,0.6920601725578308,-0.24206018447875977,0.3345019519329071,1.3818957805633545,2,4.488540172576904
207,1.975000023841858,0.8203541040420532,1.1546459197998047,-1.152748703956604,0.9983568787574768,0,4.420894622802734
208,2.9749999046325684,1.0358186960220337,1.9391812086105347,-2.039451837539673,1.0517077445983887,0,4.4224278926849365
209,0.7250000238418579,1.0047367811203003,-0.2797367572784424,0.2753908038139343,0.984464168548584,2,4.379002094268799
210,2.9749999046325684,1.2017630338668823,1.773236870765686,-1.4667702913284302,0.8271710872650146,0,5.03026556968689
211,-0.7250000238418579,1.0090867280960083,-1.7340867519378662,1.582932472229004,0.9128335118293762,4,4.397670269012451
212,2.9749999046325684,1.2056779861450195,1.7693219184875488,-1.900131106376648,1.0739318132400513,0,4.378039360046387
213,0.5249999761581421,1.1376101970672607,-0.6126102209091187,0.9293793439865112,1.5170810222625732,2,4.366414308547974
214,0.10000000149011612,1.0338491201400757,-0.9338490962982178,1.2406054735183716,1.3284859657287598,3,4.38240122795105
215,-0.800000011920929,0.8504642248153687,-1.6504642963409424,1.3203715085983276,0.7457922101020813,4,4.356180906295776
216,2.9749999046325684,1.062917709350586,1.9120821952819824,-2.2944986820220947,1.2201826572418213,0,4.308414936065674
217,-0.5249999761581421,0.9041259288787842,-1.4291259050369263,1.1433007717132568,0.6400048732757568,4,4.333356142044067
218,-0.5249999761581421,0.7612133026123047,-1.2862132787704468,1.0289705991744995,0.7084749937057495,4,4.346881628036499
219,1.350000023841858,0.820091962814331,0.5299080610275269,-0.6358897089958191,2.9626364707946777,1,4.397136926651001
220,-0.17499999701976776,0.7205827832221985,-0.8955827951431274,2.0810019969940186,2.3236289024353027,3,4.95257568359375
221,-0.44999998807907104,0.6035244464874268,-1.0535244941711426,0.9917430281639099,0.9413573741912842,4,4.413362264633179
222,0.7250000238418579,0.6156719923019409,0.10932803153991699,-0.09370890259742737,0.8571351766586304,2,4.371931076049805
223,2.9749999046325684,0.8516048192977905,2.1233949661254883,-1.278435230255127,0.6020713448524475,0,4.400299549102783
224,-0.5249999761581421,0.7139443159103394,-1.2389442920684814,0.9911554455757141,0.7029895782470703,4,4.52548360824585
225,0.7250000238418579,0.7150498628616333,0.00995016098022461,-0.011940193362534046,2.0719966888427734,2,4.932139873504639
226,1.350000023841858,0.7785448431968689,0.571455180644989,-0.6857462525367737,1.206507921218872,1,4.483257293701172
227,2.9749999046325684,0.9981902837753296,1.9768096208572388,-1.726065993309021,0.8731574416160583,0,4.368347644805908
228,1.100000023841858,1.0083712339401245,0.0916287899017334,-0.0991831049323082,1.0824447870254517,3,4.4253973960876465
229,1.100000023841858,1.0175340175628662,0.0824660062789917,-0.07722761482000351,0.9364781975746155,3,3.23844838142395
230,-0.17499999701976776,0.8982806205749512,-1.0732805728912354,0.8586244583129883,0.07045799493789673,3,4.765331745147705
231,1.4500000476837158,0.9534525871276855,0.4965474605560303,-0.45839953422546387,0.9231736660003662,2,4.349741220474243
232,2.9749999046325684,1.1556073427200317,1.8193925619125366,-1.9107125997543335,1.0501925945281982,0,4.39303183555603
233,2.9749999046325684,1.3375465869903564,1.637453317642212,-1.9649440050125122,2.041818857192993,0,4.384615421295166
234,1.975000023841858,1.401291847229004,0.573708176612854,-0.5740334987640381,1.000567078590393,0,4.356293678283691
235,-0.5249999761581421,1.2086626291275024,-1.7336626052856445,4.181101322174072,2.4117157459259033,4,4.320885181427002
236,-0.5249999761581421,1.0352963209152222,-1.5602962970733643,3.8831095695495605,2.4887001514434814,4,4.396280288696289
237,2.9749999046325684,1.22926664352417,1.7457332611083984,-2.0948801040649414,1.4206839799880981,0,5.052263975143433
238,1.975000023841858,1.303839921951294,0.671160101890564,-0.6717382669448853,1.000861406326294,0,4.365997314453125
239,2.9749999046325684,1.4709559679031372,1.5040439367294312,-1.804852843284607,8.148847579956055,0,4.307188510894775
240,2.9749999046325684,1.6213603019714355,1.3536396026611328,-1.624367594718933,3.7514095306396484,0,4.902001142501831
241,1.975000023841858,1.656724214553833,0.3182758092880249,-0.3182726204395294,0.9999899864196777,0,4.3441431522369385
242,2.9749999046325684,1.7885518074035645,1.186448097229004,-1.2120500802993774,1.0215786695480347,0,4.341738224029541
243,0.7250000238418579,1.6821966171264648,-0.9571965932846069,1.1466751098632812,1.1979515552520752,2,4.3694212436676025
244,-0.5249999761581421,1.4614769220352173,-1.9864768981933594,1.5891815423965454,0.5680379867553711,4,4.34333348274231
245,0.10000000149011612,1.3253291845321655,-1.2253291606903076,1.0654312372207642,0.8695061802864075,3,4.394986867904663
246,-0.5249999761581421,1.140296220779419,-1.665296196937561,1.3322370052337646,0.6532329320907593,4,4.419370889663696
247,0.7250000238418579,1.098766565322876,-0.37376654148101807,0.3737553656101227,0.9999700784683228,2,4.3954758644104
248,2.9749999046325684,1.2863898277282715,1.6886100769042969,-2.026332139968872,1.362079381942749,0,4.386091709136963
249,2.075000047683716,1.365250825881958,0.7097492218017578,-0.8042269349098206,1.133114218711853,1,4.368854999542236
250,1.350000023841858,1.3637256622314453,-0.013725638389587402,0.019909363240003586,1.4505236148834229,1,4.959299564361572
251,1.350000023841858,1.3623530864715576,-0.012353062629699707,0.012361028231680393,1.0006448030471802,1,4.386802434921265
252,2.9749999046325684,1.5236177444458008,1.4513821601867676,-1.4551788568496704,1.0026159286499023,0,4.547841310501099
253,1.4500000476837158,1.5162558555603027,-0.06625580787658691,0.08330321311950684,1.2572968006134033,2,4.537560701370239
254,0.7250000238418579,1.4371302127838135,-0.7121301889419556,0.7137323021888733,1.0022497177124023,2,4.51544976234436
255,1.100000023841858,1.4034172296524048,-0.3034172058105469,0.5032652616500854,1.6586576700210571,3,4.397519111633301
256,0.7250000238418579,1.3355754613876343,-0.6105754375457764,0.48846036195755005,0.7671397924423218,2,4.412461757659912
257,-0.925000011920929,1.1095179319381714,-2.034518003463745,3.835042715072632,1.8849883079528809,4,4.2993552684783936
258,-0.5249999761581421,0.9460660815238953,-1.4710659980773926,1.8598499298095703,1.2642872333526611,4,4.320108890533447
259,1.100000023841858,0.9614594578742981,0.13854056596755981,-0.16482023894786835,1.1896893978118896,3,4.339226245880127
260,1.100000023841858,0.9753134846687317,0.12468653917312622,-0.14962385594844818,1.6882582902908325,3,6.3992531299591064
261,1.350000023841858,1.012782096862793,0.33721792697906494,-0.3367835283279419,0.9987118244171143,1,5.706103563308716
262,-0.5249999761581421,0.8590038418769836,-1.3840038776397705,1.4475425481796265,1.0459092855453491,4,4.416930198669434
263,-0.5249999761581421,0.7206034064292908,-1.245603322982788,1.3956128358840942,1.1204311847686768,4,4.390431642532349
264,1.100000023841858,0.758543074131012,0.34145694971084595,-0.18656976521015167,0.5463932156562805,3,4.3488993644714355
265,-0.5249999761581421,0.6301887631416321,-1.155188798904419,0.9241510629653931,0.41789692640304565,4,4.354091167449951
266,0.7250000238418579,0.6396698355674744,0.08533018827438354,-0.10021801292896271,1.1744731664657593,2,4.375825881958008
267,2.9749999046325684,0.8732028007507324,2.101797103881836,-2.0416154861450195,0.9713665843009949,0,4.871678590774536
268,1.350000023841858,0.9208824634552002,0.4291175603866577,-0.44610416889190674,1.039584994316101,1,4.530415773391724
269,0.7250000238418579,0.9012941718101501,-0.17629414796829224,0.21496884524822235,1.2193759679794312,2,4.566883087158203
270,0.7250000238418579,0.8836647272109985,-0.15866470336914062,0.6431183218955994,4.053317070007324,2,3.795740842819214
271,2.9749999046325684,1.0927982330322266,1.8822016716003418,-1.8794260025024414,0.9985253214836121,0,4.372038841247559
272,1.725000023841858,1.1560183763504028,0.5689816474914551,-0.6558521389961243,1.1526771783828735,2,5.135544300079346
273,1.100000023841858,1.1504164934158325,-0.05041646957397461,0.06054430827498436,1.2008835077285767,3,4.495590925216675
274,-0.5249999761581421,0.9828747510910034,-1.5078747272491455,2.006192922592163,1.330477237701416,4,4.451758146286011
275,1.350000023841858,1.0195872783660889,0.33041274547576904,-0.23482605814933777,0.7107052206993103,1,4.353430986404419
276,-0.5249999761581421,0.8651285171508789,-1.390128493309021,1.9160643815994263,1.3783361911773682,4,4.349886417388916
277,-0.5249999761581421,0.7261156439781189,-1.2511155605316162,1.0008925199508667,0.39275234937667847,4,4.316778659820557
278,-0.5249999761581421,0.6010040640830994,-1.1260039806365967,0.9008032083511353,0.3357223868370056,4,4.376965045928955
279,2.9749999046325684,0.838403582572937,2.136596202850342,-2.563915491104126,27.559101104736328,0,4.488154172897339
280,2.9749999046325684,1.052063226699829,1.9229366779327393,-1.8816378116607666,0.9785230159759521,0,4.991276502609253
281,0.7250000238418579,1.0193568468093872,-0.2943568229675293,0.294319212436676,0.9998722076416016,2,4.671728849411011
282,-0.5249999761581421,0.8649211525917053,-1.3899211883544922,1.3549745082855225,0.9748570919036865,4,4.384702444076538
283,0.7250000238418579,0.8509290218353271,-0.12592899799346924,0.1251855343580246,0.9940961599349976,2,4.324131965637207
284,0.7250000238418579,0.8383361101150513,-0.11333608627319336,0.12753328680992126,1.1252663135528564,2,4.342636823654175
285,-0.5249999761581421,0.7020024657249451,-1.2270023822784424,2.053281545639038,1.673412799835205,4,4.3766913414001465
286,2.9749999046325684,0.9293022155761719,2.0456976890563965,-2.039499282836914,0.996969997882843,0,3.176809310913086
287,2.9749999046325684,1.1338719129562378,1.8411279916763306,-2.2093536853790283,1.2385094165802002,0,2.875251531600952
288,2.9749999046325684,1.317984700202942,1.6570152044296265,-1.6552238464355469,0.9989189505577087,0,4.169238805770874
289,0.10000000149011612,1.1961861848831177,-1.0961861610412598,2.087985038757324,1.904772400856018,3,8.024672746658325
290,-0.5249999761581421,1.0240675210952759,-1.549067497253418,2.0568511486053467,1.3277995586395264,4,4.962082862854004
291,-0.5249999761581421,0.8691607117652893,-1.3941607475280762,1.4441306591033936,1.0358422994613647,4,4.321975231170654
292,-0.5249999761581421,0.7297446131706238,-1.254744529724121,1.0263047218322754,0.8179391622543335,4,4.392533779144287
293,2.9749999046325684,0.9542701244354248,2.0207297801971436,-2.0202817916870117,0.9997783303260803,0,4.3334877490997314
294,1.100000023841858,0.9688431024551392,0.13115692138671875,-0.13722780346870422,1.046287178993225,3,4.380671739578247
295,-0.5249999761581421,0.8194587826728821,-1.344458818435669,1.0755671262741089,0.7500612139701843,4,4.357607126235962
296,-0.5249999761581421,0.6850128769874573,-1.2100129127502441,1.2031617164611816,0.9943379163742065,4,4.39754319190979
297,-0.5249999761581421,0.5640115737915039,-1.089011549949646,1.0365465879440308,0.9518232941627502,4,4.404118537902832
298,1.350000023841858,0.6426103711128235,0.7073896527290344,-0.8488675951957703,2.024604320526123,1,4.375550270080566
299,-0.5249999761581421,0.5258492827415466,-1.050849199295044,12.963714599609375,12.336417198181152,4,4.46706223487854
